Actual,Predicted,BERT Precision,BERT Recall,BERT F1,ROUGE-1 F1,ROUGE-2 F1,ROUGE-L F1,ROUGE-Lsum F1,BLEU Score,METEOR Score
"TimeWarner said fourth quarter sales rose 2% to $11.1bn from $10.9bn.For the full-year, TimeWarner posted a profit of $3.36bn, up 27% from its 2003 performance, while revenues grew 6.4% to $42.09bn.Quarterly profits at US media giant TimeWarner jumped 76% to $1.13bn (£600m) for the three months to December, from $639m year-earlier.However, the company said AOL's underlying profit before exceptional items rose 8% on the back of stronger internet advertising revenues.Its profits were buoyed by one-off gains which offset a profit dip at Warner Bros, and less users for AOL.For 2005, TimeWarner is projecting operating earnings growth of around 5%, and also expects higher revenue and wider profit margins.It lost 464,000 subscribers in the fourth quarter profits were lower than in the preceding three quarters.Time Warner's fourth quarter profits were slightly better than analysts' expectations.","US media giant Time Warner has reported a 76% jump in profits for the fourth quarter, helped by sales of high-speed internet connections and higher advert sales, despite a profit dip at Warner Bros and less users for AOL.",[0.8655571341514587],[0.7450422644615173],[0.8007909059524536],0.31088082901554404,0.16753926701570682,0.19689119170984457,0.19689119170984457,0.01958467539342839,0.0
"The dollar has hit its highest level against the euro in almost three months after the Federal Reserve head said the US trade deficit is set to stabilise.China's currency remains pegged to the dollar and the US currency's sharp falls in recent months have therefore made Chinese export prices highly competitive.Market concerns about the deficit has hit the greenback in recent months.""I think the chairman's taking a much more sanguine view on the current account deficit than he's taken for some time,"" said Robert Sinche, head of currency strategy at Bank of America in New York.The recent falls have partly been the result of big budget deficits, as well as the US's yawning current account gap, both of which need to be funded by the buying of US bonds and assets by foreign firms and governments.""He's taking a longer-term view, laying out a set of conditions under which the current account deficit can improve this year and next.""",The dollar has hit its highest level against the euro in almost three months after Federal Reserve head Alan Greenspan said the US trade deficit is set to stabilise and that the US government's willingness to curb spending could help to reduce it.,[0.8888163566589355],[0.7591961622238159],[0.8189088106155396],0.30841121495327106,0.2358490566037736,0.29906542056074764,0.29906542056074764,0.037272396920158456,0.0
"Yukos' owner Menatep Group says it will ask Rosneft to repay a loan that Yugansk had secured on its assets.State-owned Rosneft bought the Yugansk unit for $9.3bn in a sale forced by Russia to part settle a $27.5bn tax claim against Yukos.The sale went ahead in December and Yugansk was sold to a little-known shell company which in turn was bought by Rosneft.But the company has said it intends to take action against Menatep to recover some of the tax claims and debts owed by Yugansk.""The pledged assets are with Rosneft, so it will have to pay real money to the creditors to avoid seizure of Yugansk assets,"" said Moscow-based US lawyer Jamie Firestone, who is not connected to the case.",The owners of embattled Russian oil giant Yukos are to ask Rosneft to pay back a $900m (£479m) loan after it bought its former production unit.,[0.82992023229599],[0.7556901574134827],[0.7910677194595337],0.1923076923076923,0.03896103896103897,0.10256410256410257,0.10256410256410257,6.930831828119401e-80,0.0
"Rod Eddington, BA's chief executive, said the results were ""respectable"" in a third quarter when fuel costs rose by £106m or 47.3%.To help offset the increased price of aviation fuel, BA last year introduced a fuel surcharge for passengers.BA had previously forecast a 2% to 3% rise in full-year revenue.""It is quite good on the revenue side and it shows the impact of fuel surcharges and a positive cargo development, however, operating margins down and cost impact of fuel are very strong,"" he said.Yet aviation analyst Mike Powell of Dresdner Kleinwort Wasserstein says BA's estimated annual surcharge revenues - £160m - will still be way short of its additional fuel costs - a predicted extra £250m.""For the year to March 2005, the total revenue outlook is slightly better than previous guidance with a 3% to 3.5% improvement anticipated,"" BA chairman Martin Broughton said.Looking ahead to its full year results to March 2005, BA warned that yields - average revenues per passenger - were expected to decline as it continues to lower prices in the face of competition from low-cost carriers.BA's profits were still better than market expectation of £59m, and it expects a rise in full-year revenues.",British Airways has blamed high fuel prices for a 40% drop in profits as it reported a pre-tax profit of £75m ($141m) compared with £125m a year earlier.,[0.8160246014595032],[0.7138081192970276],[0.7615014910697937],0.11016949152542373,0.008547008547008546,0.08474576271186442,0.08474576271186442,1.2919633570468352e-157,0.0
"Pernod has reduced the debt it took on to fund the Seagram purchase to just 1.8bn euros, while Allied has improved the performance of its fast-food chains.Shares in UK drinks and food firm Allied Domecq have risen on speculation that it could be the target of a takeover by France's Pernod Ricard.Pernod said it was seeking acquisitions but refused to comment on specifics.In terms of market value, Pernod - at 7.5bn euros ($9.7bn) - is about 9% smaller than Allied Domecq, which has a capitalisation of £5.7bn ($10.7bn; 8.2bn euros).Allied Domecq shares in London rose 4% by 1200 GMT, while Pernod shares in Paris slipped 1.2%.",Shares in UK drinks and food firm Allied Domecq have risen on speculation that it could be the target of a takeover by France's Pernod Ricard.,[0.9555232524871826],[0.7292892932891846],[0.8272171020507812],0.375,0.36619718309859156,0.375,0.375,0.04232933455960818,0.0
"On an annual basis, the data suggests annual growth of just 0.2%, suggesting a much more hesitant recovery than had previously been thought.A common technical definition of a recession is two successive quarters of negative growth.Revised figures indicated growth of just 0.1% - and a similar-sized contraction in the previous quarter.Japan's economy teetered on the brink of a technical recession in the three months to September, figures show.","Japan's economy teetered on the brink of a technical recession in the three months to September, figures show, suggesting a much more hesitant recovery than had previously been thought.",[0.9557053446769714],[0.8226292133331299],[0.8841881155967712],0.5769230769230769,0.5490196078431373,0.3653846153846153,0.3653846153846153,0.2170875070500403,0.0
"The job gains mean that President Bush can celebrate - albeit by a very fine margin - a net growth in jobs in the US economy in his first term in office.Analysts said the growth in new jobs was not as strong as could be expected given the favourable economic conditions.The Labor Department also said it had revised down the jobs gains in December 2004, from 157,000 to 133,000.The US created fewer jobs than expected in January, but a fall in jobseekers pushed the unemployment rate to its lowest level in three years.""The economy is producing a moderate but not a satisfying amount of job growth,"" said Ken Mayland, president of ClearView Economics.He presided over a net fall in jobs up to last November's Presidential election - the first President to do so since Herbert Hoover.","The US economy created fewer jobs than expected in January, but a fall in jobseekers pushed the unemployment rate to its lowest level in three years. But analysts said the growth was not as strong as could have been expected given the favourable economic conditions.",[0.9417658448219299],[0.7857781052589417],[0.8567295074462891],0.4623655913978495,0.40217391304347827,0.3118279569892473,0.3118279569892473,0.09282207413808329,0.0
"At a conference on developing enterprise hosted by UK finance minister Gordon Brown on Friday, he said that he was in favour of floating exchange rates because they help countries cope with economic shocks.In London on Thursday ahead of the meeting, India's finance minister, lashed out at the restrictive trade policies of the G7 nations.Mr Chidambaram is attending the G7 meeting as part of the G20 group of nations, which account for two thirds of the world's population.China is expected to face renewed pressure to abandon its fixed exchange rate, which G7 nations, in particular the US, have blamed for a surge in cheap Chinese exports.Palaniappan Chidambaram, India's finance minister, argued that these organisations need to take into account the changing world order, given India and China's integration into the global economy.India, along with China, Brazil, South Africa and Russia, has been invited to take part in the G7 meeting taking place in London on Friday and Saturday.","Finance minister Palaniappan Chidambaram has called for reform of the United Nations, the World Bank and the IMF ahead of the G7 meeting of seven leading industrialised nations on Friday.",[0.8476184606552124],[0.7453213334083557],[0.7931851744651794],0.2233502538071066,0.09230769230769231,0.16243654822335027,0.16243654822335027,5.3979618123872514e-80,0.0
"In 2003, crop production totalled 11.49 million tonnes, the joint report from the Food and Agriculture Organisation and the World Food Programme said.The Food and Agriculture Organisation (FAO) recommend that the food assistance is bought locally.Last year, a total of 965,000 tonnes of food assistance was needed to help seven million Ethiopians.The report calculated emergency food requirements for 2005 to be 387,500 tonnes.On top of that, 89,000 tonnes of fortified blended food and vegetable oil for ""targeted supplementary food distributions for a survival programme for children under five and pregnant and lactating women"" will be needed.","Ethiopia produced 14.27 million tonnes of crops in 2004, 24% higher than in 2003 and 21% more than the average of the past five years, a report says. In 2003, crop production totalled 11.49 million tonnes.",[0.8372293710708618],[0.7305968403816223],[0.7802868485450745],0.2676056338028169,0.1285714285714286,0.1267605633802817,0.1267605633802817,0.03825861571942584,0.0
"A US government claim accusing the country's biggest tobacco companies of covering up the effects of smoking has been thrown out by an appeal court.The tobacco companies deny that they illegally conspired to promote smoking and defraud the public.In its case, the government claimed tobacco firms manipulated nicotine levels to increase addiction, targeted teenagers with multi-billion dollar advertising campaigns, lied about the dangers of smoking and ignored research to the contrary.Shares of tobacco companies closed higher after the ruling, with Altria rising 5% and Reynolds showing gains of 4.5%.",A US appeal court has thrown out a government claim accusing the country's biggest tobacco companies of covering up the effects of smoking in a 2-1 decision. The tobacco firms deny that they illegally conspired to promote smoking and defraud the public.,[0.9390199184417725],[0.84541255235672],[0.8897610902786255],0.5611510791366906,0.4525547445255474,0.460431654676259,0.460431654676259,0.20337061273417614,0.0
"Ask Jeeves has become the third leading online search firm this week to thank a revival in internet advertising for improving fortunes.Its $17m profit for the quarter was dwarfed by the $204m announced by rival Google earlier in the week.During the same quarter, Yahoo earned $187m, again tipping a resurgence in online advertising.Neither Ask Jeeves nor Doubleclick thrilled investors with their profit news, however.Ask Jeeves, once among the best-known names on the web, is now a relatively modest player.","Ask Jeeves, once among the best-known names on the web, has become the third leading online search firm this week to thank a revival in internet advertising for improving fortunes.",[0.9564245939254761],[0.8119136691093445],[0.8782643675804138],0.5391304347826087,0.5132743362831859,0.3826086956521739,0.3826086956521739,0.1722437218993118,0.0
"Indonesia's government has confirmed it is considering raising fuel prices by as much as 30%.Indonesia pays subsidies to importers in order to stabilise domestic fuel prices, but higher oil prices have forced the government to spend more on holding prices down.Since President Yudhoyono's government came to power in October, it has indicated its intention of raising domestic fuel prices by cutting subsidies.President Susilo Bambang Yudhoyono's government has said it wants to curb fuel subsidies and direct the money into aid programmes for the poor.Indonesia's previous government, led by President Megawati Sukarnoputri, also attempted to cut subsidies in 2003, but was forced to back down in the face of public protests.But critics argue cutting subsidies will hurt the poorer families that his government says it wants to help.","Indonesia's government has confirmed it is considering raising fuel prices by as much as 30%, as it seeks to curb fuel subsidies and direct the money into aid programmes for the poor. But critics argue cutting subsidies will hurt the poorer families that his government says it wants to help.",[0.9614896774291992],[0.8321439027786255],[0.8921529650688171],0.5240641711229947,0.48648648648648646,0.5240641711229947,0.5240641711229947,0.17499361619379852,0.0
"Struggling Japanese car maker Mitsubishi Motors has struck a deal to supply French car maker Peugeot with 30,000 sports utility vehicles (SUV).Mitsubishi Motors has forecast a net loss of 472bn yen in its current financial year to March 2005.Last month, it signed a production agreement with Japanese rival Nissan Motor to supply it with 36,000 small cars for sale in Japan.In January, Mitsubishi Motors issued its third profits warning in nine months, and cut its sales forecasts for the year to March 2005.Falling sales have left Mitsubishi Motors with underused capacity, and the production deal with Peugeot gives it a chance to utilise some of it.As a result, the Japanese car maker has sought a series of financial bailouts.","Struggling Japanese car maker Mitsubishi Motors has struck a deal to supply French car maker Peugeot with 30,000 sports utility vehicles (SUVs) for sale in Europe. The two firms signed a Memorandum of Understanding, and say they expect to seal a final agreement by Spring 2005.",[0.8875463604927063],[0.8095385432243347],[0.8467496037483215],0.39306358381502887,0.2807017543859649,0.3352601156069364,0.3352601156069364,0.10349483532732764,0.0
"""Journalists are the lifeblood of any newspaper, and maintaining the quality of The Daily Telegraph and The Sunday Telegraph for our readers is vital,"" he said.The two Telegraph titles currently employ 521 journalists.Telegraph executive Murdoch MacLennan said the two newspapers would add eight colour pages in the coming months.The Daily and Sunday Telegraph newspapers are axing 90 journalist jobs - 17% of their editorial staff.The Telegraph Group says the cuts are needed to fund an £150m investment in new printing facilities.The National Union of Journalists said it stood strongly behind the journalists and did not rule out a strike.The Telegraph has announced no plans to go tabloid although both The Independent and The Times have seen circulation rise since shrinking in size.Many newspapers are investing in new printing machinery that enables them to print more colour pages, or in some cases, have colour on every page.NUJ official Barry Fitzpatrick said the company had ignored the 90-day consultation period required for companies planning more than 10 redundancies.",The Daily and Sunday Telegraph newspapers are axing 90 journalist jobs - 17% of their editorial staff - to fund an £150m investment in new printing facilities. The Telegraph Group says the cuts are needed to fund an £150m investment in new printing facilities.,[0.9416366815567017],[0.7794263362884521],[0.8528873324394226],0.34259259259259256,0.31775700934579443,0.3055555555555555,0.3055555555555555,0.04289345959972499,0.0
"In addition, if a flight is cancelled or delayed for more than two hours through the fault of the airline, all passengers must be paid compensation.However, airlines do not have to offer compensation if flights are cancelled or delayed due to ""extraordinary circumstances"".""We reckon it's going to cost European air passengers - not the airlines, the airlines have no money, it has to be paid by passengers - 1.5bn euros, that's over £1bn a year loaded onto European passengers,"" Mr Clarke said.When this happens against a passenger's will, airlines will now have to offer compensation.All EU-based airlines and operators of flights which take off from the EU will have to adhere to the new compensation regime which came into force on Thursday.The EU decided to increase passenger compensation in a bid to deter airlines from deliberately overbooking flights.Andy Clarke, ERAA director of air transport, said that the EC advice misleads customers as it leads them to believe that airlines could be liable for payouts if flights are delayed because of bad weather.Air passengers who are unable to board their flights because of overbooking, cancellations or flight delays can now demand greater compensation.However, only scheduled flight operators were obliged to offer compensation in cases of overbooking and they did not have to offer compensation for flight cancellations.Low-cost airlines have criticised the new compensation levels, arguing that the pay-out could be worth more than the ticket.The EC has launched an information campaign in airports and travel agencies to inform airline passengers of their new rights.New technology means it is easier for airlines to take off and land in bad weather, she added.","Air passengers who are unable to board their flights because of overbooking, cancellations or flight delays can now demand greater compensation, according to new EU rules which come into force on Thursday.",[0.9080008268356323],[0.7418985962867737],[0.8165885806083679],0.18238993710691823,0.14556962025316456,0.14465408805031446,0.14465408805031446,0.00037999336846442777,0.0
"The breakneck pace of economic expansion has kept growth above 9% for more than a year.Rapid tooling-up of China's manufacturing sector means a massive demand for energy - one of the factors which has kept world oil prices sky-high for most of this year.Growth in China remains at a breakneck 9.1%, and corporate investment is growing at more than 25% a year.The curbs were introduced earlier this year to ward off the risk that rapid expansion might lead to soaring prices.In theory, the government has a 7% growth target, but continues to insist that the overshoot does not mean a ""hard landing"" in the shape of an overbalancing economy.","China's efforts to stop the economy from overheating by clamping down on credit will continue into 2005, state media report. The curbs were introduced earlier this year to ward off the risk that rapid expansion might lead to soaring prices. There were also fears that too much stress might be placed on the fragile banking system.",[0.8417397737503052],[0.7717729210853577],[0.8052393198013306],0.3121387283236994,0.23391812865497078,0.2890173410404624,0.2890173410404624,0.126003920679218,0.0
"On Tuesday, the company's administrator, turnaround expert Enrico Bondi, sued Morgan Stanley, its former banker, to return 136m euros relating to a 2003 bond deal.The company has also sued former auditors and financial advisors for damages.That brought to 49 the number of banks that Mr Bondi has sued, a mass of legal action that could bring in as much as 3bn euros.And criminal cases against the company's former management are proceeding separately.Overall, the company's debt is close to 12bn euros, and is falling only slowly.",The Italian food group at the centre of one of Europe's most painful corporate scandals has reported a doubling in profit. Its pre-tax earnings in the fourth quarter were 77m euros (£53m; $100m).,[0.7590520977973938],[0.7311801910400391],[0.7448555827140808],0.17322834645669294,0.0,0.1259842519685039,0.1259842519685039,2.64429263488283e-232,0.0
"India's rupee has hit a five-year high after Standard & Poor's (S&P) raised the country's foreign currency rating.India's foreign currency rating is now one notch below investment grade, which starts at 'BBB-'.S&P, which rates borrowers' creditworthiness, lifted India's rating by one notch to 'BB+'.The currency has gained almost 1% in the past three sessions.",India's rupee has hit a five-year high after Standard & Poor's raised the country's foreign currency rating. The currency has gained almost 1% in the past three sessions.,[0.9835913777351379],[0.8508968949317932],[0.912445068359375],0.6526315789473685,0.6021505376344086,0.6526315789473685,0.6526315789473685,0.31689310491307515,0.0
"""We need at least $20bn (£10.6bn) in investment and part of this has to come as foreign direct investment,"" said Mr Maran.Potential foreign investors will however need government approval before they increase their stake beyond 49%, Mr Maran said.Communications Minister Dayanidhi Maran said that there is a need to fund the fast-growing mobile market.India has raised the limit for foreign direct investment in telecoms companies from 49% to 74%.Investment bank Morgan Stanley has forecast that India's mobile market is likely to grow by about 40% a year until 2007.","India has raised the limit for foreign direct investment in telecoms companies from 49% to 74% in a bid to boost the country's fast-growing mobile market, the government has announced.",[0.9045711159706116],[0.78266841173172],[0.8392160534858704],0.421875,0.2857142857142857,0.296875,0.296875,0.06976834464247332,0.0
"The drop in patience comes as the number of calls to call centres is growing at a rate of 20% every year.Poor training frustrates both call centre workers and customers.In what Dimension Data calls an ""alarming development"", the average induction time for a call centre worker fell last year from 36 to just 21 days, leaving ""agents not equipped to deal with customers"".And if you work in a call centre: did your training prepare you for your job?There are ""no big differences in wait time and call resolution"" between call centres based in Europe or North America and those in developing countries around the world.Customers trying to get through to call centres are getting impatient and quicker to hang up, a survey suggests.Suggestions that ""outsourcing"" - relocating call centres to low-cost countries like India or South Africa - is to blame are wrong, Ms Diemont says.The surge in customers trying to get through to call centres is also a reflection of the centres' growing range of tasks.What are your experiences with call centres?However, call centres also saw a sharp increase of customers simply abandoning calls, she says, from just over 5% in 2003 to a record 13.3% during last year.The survey was conducted by Sunovate on behalf of Dimension Data, and is based on in-depth questionnaires of 166 call centres in 24 countries and five continents.As a result, call centres have a high ""churn rate"", with nearly a quarter of workers throwing in the towel every year, which in turn forces companies to pay for training new staff.","Customers trying to get through to call centres are getting impatient and quicker to hang up, a survey suggests. Once past the welcome message, callers on average hang up after just 65 seconds of listening to canned music.",[0.8363118171691895],[0.7098996043205261],[0.7679381966590881],0.16233766233766234,0.11764705882352941,0.14935064935064937,0.14935064935064937,0.00139827095879845,0.0
"Leisure group Rank could unveil plans to demerge its film services unit and sell its media business, reports claim.Rank now aims to concentrate on its gaming, bars and hotels business, including extending its Hard Rock brand to its casinos - trials of which have been a success.Since Mike Smith's appointment as chief executive in 1999, the group has focused on fewer businesses and embarked on a major cost-cutting programme which has seen it dispose of a number of businesses, including the Odeon cinema chain and the Pinewood studios.The move left the group with three core divisions: gaming, Hard Rock and Deluxe Films, which provides technical services to Hollywood studios.Speculation of a possible shake-up has mounted since Rank announced a study into a possible demerger in September.Analysts predict the firm is likely to report a slight drop in annual pre-tax profits to £170m from £194m last year.","Leisure group Rank could unveil plans to demerge its film services unit and sell its media business, reports claim. Rank, formerly famous for the Carry On series, will expose the shake-up at the announcement of its results on Friday, the Sunday Telegraph reported.",[0.8591600656509399],[0.7609685659408569],[0.8070887923240662],0.30303030303030304,0.20408163265306123,0.2626262626262626,0.2626262626262626,0.0396489049355746,0.0
"But officials said stagnant growth was still stifling the job market.With unemployment stuck above 4 million for years, the government of Chancellor Gerhard Schroeder has put job creation at the top of the agenda.The seasonally adjusted rise showed a smaller rise than expected, as government measures to encourage job creation began to take effect.""But growth of 0.1%... in the third quarter is still insufficient to deliver positive momentum to the labour market.""""Job creation measures probably prevented a stronger increase in the seasonally adjusted numbers.""""The deterioration of the labour market does not come as a surprise,"" said Isabelle Kronawitter at Hypovereinsbank.","The number of people out of work in Europe's largest economy has risen for the tenth straight month as growth remains stubbornly slow, according to official figures released by the Federal Labour Agency.",[0.7636291980743408],[0.7088611125946045],[0.7352266311645508],0.17142857142857143,0.0,0.1285714285714286,0.1285714285714286,1.774722420709488e-232,0.0
"Despite the apparent shortfall in annual economic growth, the good quarterly figures - a so-called ""flash estimate"" - mark a continuing trend of improving indicators for the health of the French economy.Also on Friday, France's industrial output for December was released, showing 0.7% growth.It leaves GDP up 2.3% for the full year, but short of the 2.5% which the French government had predicted.Service sector activity improved in January, hitting a seven-month high.But unemployment remains high at about 10%.","The French economy picked up speed at the end of 2004, official figures show - but still looks set to have fallen short of the government's hopes. But the good quarterly figures mark a continuing trend of improving indicators for the health of the economy.",[0.8593161106109619],[0.7788848876953125],[0.8171259760856628],0.4427480916030534,0.2790697674418605,0.2748091603053435,0.2748091603053435,0.1667909497940694,0.0
"The Commerce Department said the trade deficit for all of last year was 24.4% above the previous record - 2003's imbalance of $496.5bn.The gap between US exports and imports hit an all-time high of $671.7bn (£484bn) in 2004, latest figures show.However, on a monthly basis the US trade gap narrowed by 4.9% in December to £56.4bn.The US consumer's appetite for all things from oil to imported cars, and even wine and cheese, reached record levels last year and the figures are likely to spark fresh criticism of President Bush's economic policies.For all of 2004, US exports rose 12.3% to $1.15 trillion, but imports rose even faster by 16.3% to a new record of $1.76 trillion.For example, they believe China's currency policy - which US manufacturers claim has undervalued the yuan by as much as 40% - has given China's rapidly expanding economy an unfair advantage against US competitors.","The gap between US exports and imports hit an all-time high of $671.7bn (£484bn) in 2004, latest figures show. The Commerce Department said the deficit for all of last year was 24.4% above the previous record - 2003's imbalance of $496.5bn.",[0.953083872795105],[0.815704345703125],[0.8790590763092041],0.42857142857142855,0.40384615384615385,0.28571428571428575,0.28571428571428575,0.06209036588976696,0.0
"The court ruling is a blow to efforts to get damages for the sale of Yugansk, which Yukos claims was illegally sold.Yukos had argued that a US court was entitled to declare it bankrupt before its Yugansk unit was sold, since it has local bank accounts and its chief finance officer Bruce Misamore lives in Houston.A judge has dismissed an attempt by Russian oil giant Yukos to gain bankruptcy protection in the US.Texas Judge Letitia Clark said Yukos did not have enough of a US presence to establish US jurisdiction.Yukos claimed it sought help in the US because other forums - Russian courts and the European Court of Human Rights - were either unfriendly or offered less protection.Yukos said it would consider its options in light of the ruling.""The vast majority of the business and financial activities of Yukos continue to occur in Russia,"" Judge Clark said in her ruling.Yukos filed for Chapter 11 protection in Houston in an unsuccessful attempt to halt the auction of its Yugansk division by the Russian authorities.The US court's jurisdiction had been challenged by Deutsche Bank and Gazpromneft, a former unit of Russian gas monopoly Gazprom which is due to merge with Rosneft.Russia had indicated it would in any case not abide by the rulings of the US courts.","A US judge has dismissed an attempt by Russian oil giant Yukos to gain bankruptcy protection in the US, a blow to efforts to get damages for the sale of its Yugansk division.",[0.9213784337043762],[0.7686659097671509],[0.838122546672821],0.2578125,0.2362204724409449,0.21874999999999997,0.21874999999999997,0.003232155913833812,0.0
"The affected vehicles in the product recall are from the 2004 and 2005 model years, GM said.The NHTSA said a pressure accumulator in the braking system could crack during normal driving and fragments could injure people if the hood was open.The world's biggest carmaker General Motors (GM) is recalling nearly 200,000 vehicles in the US on safety grounds, according to federal regulators.News of the recall follows an announcement last month that GM expects earnings this year be lower than in 2004.In addition, the car giant is calling back 17,815 Buick Raniers, Chevrolet Trailblazers, GMC Envoys and Isuzu Ascenders from the 2005 model years because the windshield is not properly fitted and could fall out in a crash.The National Highway Traffic Safety Administration (NHTSA) said the largest recall involves 155,465 pickups, vans and sports utility vehicles (SUVs).","The world's biggest carmaker General Motors (GM) is recalling nearly 200,000 vehicles in the US on safety grounds, according to federal regulators. The largest recall involves 155,465 pickups, vans and sports utility vehicles (SUVs).",[0.9552554488182068],[0.785126805305481],[0.8618758320808411],0.4065934065934066,0.3888888888888889,0.4065934065934066,0.4065934065934066,0.04312244324644154,0.0
"Mittal Steel, one of the world's largest steel producers, could cut up to 45,000 jobs over the next five years, its chief executive has said.Mittal Steel has operations in 14 countries.Mr Mittal told US investors that once the acquisition of International Steel Group was completed, the company would aim to reduce its workforce by between 7,000 and 8,000 annually.A Mittal Steel spokeman said that no decisions on job cuts have been made yet.Mittal Steel was formed last year when Mr Mittal's LNM Holdings merged with Dutch firm Ispat.However, Lakshmi Mittal has told investors the combined company will have to shed thousands of jobs.","Mittal Steel, one of the world's largest steel producers, could cut up to 45,000 jobs over the next five years, its chief executive has said. The Netherlands-based company is due to complete its $4.5bn acquisition of US firm ISG next month, making it one of the largest global firms of its kind.",[0.8944471478462219],[0.8354137539863586],[0.863923192024231],0.4378698224852071,0.3233532934131737,0.40236686390532544,0.40236686390532544,0.18268976759605862,0.0
"Crude oil prices surged back above the $47 a barrel mark on Thursday after an energy market watchdog raised its forecasts for global demand.The US Department of Energy reported that crude stockpiles had fallen 1m barrels to 294.3m.The International Energy Agency (IEA) warned demand for Opec's crude in the first quarter would outstrip supply.The IEA raised its estimate of 2005 oil demand growth by 80,000 barrels a day to 84 million barrels a day.",Crude oil prices surged back above the $47 a barrel mark on Thursday after an energy market watchdog raised its forecasts for global demand. The International Energy Agency (IEA) warned demand for Opec's crude in the first quarter would outstrip supply.,[0.987290620803833],[0.8926596641540527],[0.937593400478363],0.6885245901639345,0.6833333333333332,0.6885245901639345,0.6885245901639345,0.39555022881200397,0.0
"The Vestey Group said it had owned the land since 1920 and would co-operate fully with the authorities.Officials in Cojedes state said on Friday that farmland owned by a subsidiary of the Vestey Group would be taken and used to settle poor farmers.Venezuelan authorities have said they will seize land owned by a British company as part of President Chavez's agrarian reform programme.Last month, the government said it had identified more than 500 idle farms and had yet to consider the status of a further 40,000.The firm, whose Agroflora subsidiary operates 13 farms in Venezuela, insisted that it had complied fully with Venezuelan law.Under President Chavez, the Venezuelan government has steadily expanded the state's involvement in the country's economy.The authorities said landowners whose titles were in order and whose farms were productive had ""nothing to fear"".The Vestey Group said it had not been informed of any planned seizure.",Venezuelan authorities say they will seize farmland owned by a British company as part of President Chavez's agrarian reform programme. The Vestey Group has not been informed of any planned seizure.,[0.9460880160331726],[0.7866959571838379],[0.8590610027313232],0.3229166666666667,0.2631578947368421,0.3020833333333333,0.3020833333333333,0.015593159768709562,0.0
"US growth would reach 4.4% in 2004, but fall to 3.3% next year from a previous estimate of 3.7%, the OECD said.But the outlook was worst for the 12-member eurozone bloc, with already sluggish growth forecasts slipping to 1.8% from 2.0% this year and 1.9% from 2.4% in 2005, the OECD said.Overall, the report forecast total growth of 3.6% in 2004 for the 30 member countries of the OECD, slipping to 2.9% next year before recovering to 3.1% in 2006.The soaring cost of oil has hit global economic growth, although world's major economies should weather the storm of price rises, according to the OECD.""The recovery that was underway, and has been interrupted a bit by the oil shock this year, would then regain momentum in the course of 2005.""If the oil price does not rise any further, then we think the shock can be absorbed within the next few quarters,"" Vincent Koen, a senior economist with the OECD, told the BBC's World Business Report.A dip in oil prices and improving jobs prospects would improve consumer confidence and spending, the OECD said.","The soaring cost of oil has hit global economic growth, although world's major economies should weather the storm of price rises, according to the Organisation for Economic Co-operation and Development (OECD).",[0.8701196908950806],[0.713732898235321],[0.7842056751251221],0.240343347639485,0.2077922077922078,0.23175965665236054,0.23175965665236054,0.005888007277189451,0.0
"Irish shares have risen to a record high, with investors persuaded to buy into the market by low inflation and strong growth forecasts.""Buoyant economic conditions are set to continue in Ireland over the next few years and Irish equities continue to offer quality growth at a reasonable valuation.""Ireland's economic 'miracle' is enjoying a second wind, with 5% growth forecast for 2005 and 2006.The ISEQ index of leading shares closed up 23 points to 6661.89 on Thursday, fuelled by strong growth in banking and financial stocks.The economy is set for strong growth in 2005 while interest rates remain low.Analysts said that economic conditions were benign and Irish shares were still trading at a discount to other European markets.Allied Irish Banks, Ireland's biggest company by capitalisation, touched a five year peak while Bank of Ireland shares rose to their highest level since August 2002.","Irish shares have risen to a record high, with investors persuaded to buy into the market by low inflation and strong growth forecasts. The ISEQ index closed up 23 points to 6661.89 on Thursday, fuelled by strong growth in banking and financial stocks.",[0.9731894731521606],[0.8186742067337036],[0.8892697691917419],0.4512820512820513,0.42487046632124353,0.4512820512820513,0.4512820512820513,0.08589046592474195,0.0
"Japan's Sumitomo Mitsui Financial has withdrawn its takeover offer for rival bank UFJ Holdings, enabling the latter to merge with Mitsubishi Tokyo.Sumitomo, Japan's third-largest bank, tabled a higher offer for UFJ than its rival, valuing the company at $35bn.However, UFJ's management was known to prefer the offer from Mitsubishi Tokyo Financial Group (MTFG), Japan's second-largest bank.UFJ Holdings, Japan's fourth-largest bank, has been at the centre of a fierce bid battle over the last year.Sumitomo bosses told counterparts at UFJ of its decision on Friday, clearing the way for it to conclude a 3 trillion yen ($29bn) deal with Mitsubishi.Mitsubishi's takeover of UFJ - which will be Japan's largest-ever takeover deal - will still have to be approved by shareholders of the two firms.","Japan's Sumitomo Mitsui Financial has withdrawn its takeover offer for rival bank UFJ Holdings, clearing the way for the latter to merge with Mitsubishi Tokyo.",[0.9497506618499756],[0.7824193835258484],[0.8580027222633362],0.31901840490797545,0.28571428571428575,0.26993865030674846,0.26993865030674846,0.016234494272509937,0.0
"A total of 24.2 trillion pesos ($10.2bn; £5.5bn) is earmarked for subsidies for the poor, the government department for planning said.Sound distribution of the cash could cut poverty levels to 36% from 53%, the government believes.Half of the money put aside by the Colombian government to help the country's poor is benefiting people who do not need it, a study has found.""Resources are more than enough to reduce poverty and there is no need for more tax reforms but a better distribution,"" deputy planning director Jose Leibovich said.","Half of the money put aside by the Colombian government to help the country's poor is benefiting people who do not need it, a study has found. A total of 24.2 trillion pesos ($10.2bn; £5.5bn) is earmarked for subsidies for the poor.",[0.9633480906486511],[0.8556022047996521],[0.906283974647522],0.6524822695035462,0.6330935251798561,0.425531914893617,0.425531914893617,0.29683614400420294,0.0
"But Rover told BBC News that reports of job cuts were ""speculation"".SAIC was unavailable for comment on the job cuts when contacted by BBC News.Rover and SAIC signed a technology-sharing agreement in August.Some 2,000 jobs at MG Rover's Midlands plant may be cut if investment in the firm by a Chinese car maker goes ahead, the Financial Times has reported.SAIC says none of its money will be paid to the four owners of Rover, who have been accused by unions of awarding themselves exorbitant salaries, the FT reports.Meanwhile, according to Chinese state press reports, small state-owned carmaker Nanjing Auto is in negotiations with Rover and SAIC to take a 20% stake in the joint venture.","Some 2,000 jobs at MG Rover's Midlands plant may be cut if investment in the firm by a Chinese car maker goes ahead, the Financial Times has reported, citing sources close to the negotiations.",[0.9365310072898865],[0.7981151938438416],[0.8618006706237793],0.41250000000000003,0.379746835443038,0.41250000000000003,0.41250000000000003,0.07157292164234395,0.0
"WPP in recent years has also bought firms such as Ogilvy & Mather and Cordiant Communications.UK advertising giant WPP has posted larger-than-expected annual profits and predicted that it will outperform the market in 2005.Pre-tax profits rose 15% from a year ago to reach £546m ($1.04bn), ahead of average analysts' forecasts of £532m.During the year WPP bought US rival Grey Global, creating a giant big enough to rival sector leader Omnicom.The long-term outlook looks ""very favourable"" because of media and technology developments and the strength of the US economy, WPP said.",UK advertising giant WPP has posted larger-than-expected annual profits and predicted that it will outperform the market in 2005. Pre-tax profits rose 15% from a year ago to reach £546m ($1.04bn).,[0.9768089652061462],[0.8271071910858154],[0.8957463502883911],0.5263157894736842,0.5190839694656488,0.5263157894736842,0.5263157894736842,0.12084884829714025,0.0
"Many foreign firms had protested that the SEC was imposing an unfair burden.The SEC said it had taken into consideration the fact that foreign companies were already working to meet more onerous financial reporting rules in their home countries.Section 404 of the Sox Act, as the legislation is nicknamed, calls for all firms to certify that their financial reporting is in line with US rules.Foreign firms have been given an extra year to meet tough new corporate governance regulations imposed by the US stock market watchdog.Big US firms already have to meet the requirements, but smaller ones and foreign-based firms which list their shares on US stock markets originally had until the middle of this year.The European Union, in particular, was imposing new international financial reporting standards in 2005, it noted.","Foreign firms have been given an extra year to meet tough new corporate governance regulations imposed by the US stock market watchdog, the Securities and Exchange Commission has extended the deadline to get in line with the rules until 15 July 2006.",[0.8858696222305298],[0.7921773195266724],[0.8364078998565674],0.3575418994413408,0.2598870056497175,0.29050279329608936,0.29050279329608936,0.06303120991997106,0.0
"But last year, he was forced to resign from all the posts he held in his business empire, after being accused of falsifying the share-ownership structure of Seibu Railways, one of his companies.Mr Tsutsumi's fall from grace follows the arrests of several other top executives in Japan as the authorities try to curb the murky business practices which were once widespread in Japanese companies.There was a time when Mr Tsutsumi seemed untouchable.Yoshiaki Tsutsumi was once ranked as the world's richest man and ran a business spanning hotels, railways, construction and a baseball team.His is the latest in a series of arrests of top executives in Japan over business scandals.One of Japan's best-known businessmen was arrested on Thursday on charges of falsifying shareholder information and selling shares based on the false data.""I felt enormous pressure when I dined with him and it was nothing but pain,"" Tsutsumi told a weekly magazine in 1987.He was taken away in a van outside one of his Prince hotels in Tokyo.","Yoshiaki Tsutsumi was once ranked as the world's richest man and ran a business spanning hotels, railways, construction and a baseball team.",[0.9417986273765564],[0.7195030450820923],[0.815778374671936],0.22885572139303484,0.22110552763819097,0.22885572139303484,0.22885572139303484,0.0012960300524048898,0.0
"A year ago, debt was more than 11bn euros higher.This was more than expected and helped to bring debt down to 35.8bn euros.Sales rose 2.8% to 14.96bn euros.Sales of stakes in firms including Russia's OAO Mobile Telesystems raised 1.17bn euros.","German telecoms firm Deutsche Telekom saw strong fourth quarter profits on the back of upbeat US mobile earnings and better-than-expected asset sales, a dramatic change from the loss of 364m euros in 2003.",[0.7749678492546082],[0.7662873268127441],[0.7706031203269958],0.21686746987951808,0.02469135802469136,0.12048192771084336,0.12048192771084336,8.695043609068757e-232,0.0
"Yantai State Asset Management Bureau - a government agency in the north-eastern city of Yantai - owns 55% of Changyu.The consumption of wine in China is still low, at just 0.22 litres per capita, said the US Agriculture Department.Italy's Illva Saronno has agreed to buy 33% of Changyu, the largest wine maker in China.Chinese wine sales are growing, the US Agriculture Department said, with wine sales in 2003 up 25% at 61.1bn yuan.The Italian liqueur maker will acquire the shares from the Yantai State Asset Management Bureau.","Italy's Illva Saronno has agreed to buy 33% of Changyu, the largest wine maker in China, for £58.16m, once the government approves the deal.",[0.8890842795372009],[0.7857818007469177],[0.8342472314834595],0.3361344537815126,0.27350427350427353,0.31932773109243695,0.31932773109243695,0.04212823582960237,0.0
"UK sportswear firm Umbro has posted a 222% rise in annual profit after sales of replica England football kits were boosted by the Euro 2004 tournament.Umbro, which recently lost sponsorship deals with Chelsea and Celtic, said on Thursday it had signed a new four-year agreement with Scottish club Rangers.In January, Umbro announced its sponsorship agreement with Chelsea, which gave Umbro the lucrative right to make replica shirts, would end in 2006, five years earlier than expected.The firm, reporting its first annual results since listing on the London Stock Exchange in June, said the UK market had seen sales growth of 8% last year.Chief executive Peter McGuigan said the firm plans to grow sales both in the UK and internationally.",UK sportswear firm Umbro has posted a 222% rise in annual profit after sales of replica England football kits were boosted by the Euro 2004 tournament. Pre-tax profit for 2004 was £15.4m ($29.4m).,[0.8696730732917786],[0.7785326242446899],[0.8215829730033875],0.325,0.31645569620253167,0.325,0.325,0.05504792896301724,0.0
"Federal Reserve chairman Alan Greenspan has warned that allowing huge US budget deficits to continue could have ""severe"" consequences.He also urged Congress to reinstate lapsed rules that require tax cuts and spending to be offset elsewhere in the budget in an effort to prevent the US heading further into the red.While the US economy is growing at a ""reasonably good pace"" he warned that budget concerns were clouding the economic outlook for the US.Meanwhile any move to narrow the deficit gap by raising taxes could pose a significant risk to the economy by dampening growth and spending, he added.Speaking to the House Budget Committee he urged Congress to take action to cut the deficit, such as increasing taxes.As US growth gathers steam and incomes rise that should lead to a narrowing of the deficit.","Federal Reserve chairman Alan Greenspan has warned that allowing huge US budget deficits to continue could have ""severe"" consequences, according to a speech to the House Budget Committee.",[0.9361487030982971],[0.786651611328125],[0.8549138307571411],0.31137724550898205,0.27878787878787875,0.31137724550898205,0.31137724550898205,0.016729468505605142,0.0
"UK Coal said it was making ""significant progress"" in shaking up the business.The recent rise in coal prices has failed to benefit the company as most of its output had already been sold, it said.The South Yorkshire company, led by new chief executive Gerry Spindler, said it hoped to return to profit in 2006.Total production costs were £1.30 per gigajoule, UK Coal said, but the average selling price was just £1.18 per gigajoule.The company said these actions should ""significantly uplift earnings"".UK Coal operates 15 deep and surface mines across Nottinghamshire, Derbyshire, Leicestershire, Yorkshire, the West Midlands, Northumberland and Durham.","Shares in UK Coal have fallen after the mining group reported losses had deepened to £51.6m in 2004 from £1.2m. The South Yorkshire company blamed geological problems, industrial action and ""operating flaws"" at its deep mines.",[0.8204627633094788],[0.7670648694038391],[0.7928657531738281],0.22222222222222224,0.056338028169014086,0.1527777777777778,0.1527777777777778,9.824434761439705e-156,0.0
"Women will be employed in Saudi Arabia's foreign ministry for the first time this year, Foreign Minister Prince Saud Al-Faisal has been reported as saying.The newspaper said many Saudi women found his explanation ""a pitiful excuse for not employing women"".""I am proud to mention here that this year we shall have women working in the Ministry of Foreign Affairs for the first time.""""Our educational reforms have created a new generation of highly-educated and professionally trained Saudi women who are acquiring their rightful position in Saudi society,"" Arab News quoted Prince Saud as saying.","Saudi Arabia's foreign ministry will employ women for the first time this year, Foreign Minister Prince Saud Al-Faisal has been reported as saying. The move comes as the country inches open the door to working women.",[0.9039298295974731],[0.8189486265182495],[0.859343409538269],0.4525547445255474,0.3111111111111111,0.3795620437956205,0.3795620437956205,0.10445853723071229,0.0
"Japan's economy grew 2.6% overall last year - fuelled by a strong performance in the first few months - and is forecast to see growth of 2.1% in 2005.Japan's economy has seen stretches of moderate growth over the past decade but has periodically slipped back into recession.A recession is commonly defined as two consecutive quarters of negative growth, although the Japanese government takes other factors into account when judging the status of its economy.The Japanese economy has officially gone back into recession for the fourth time in a decade.Gross domestic product fell by 0.1% in the last three months of 2004.The Tokyo stock market fell after the figures were announced, but rose again on a widespread perception that the economy will recover later this year.""The economy has some soft patches but if you look at the bigger picture, it is in a recovery stage,"" said Economic and Fiscal Policy Minister Heizo Takenaka.The fall reflects weak exports and a slowdown in consumer spending, and follows similar falls in GDP in the two previous quarters.","Japan's economy has slipped back into recession for the fourth time in a decade, according to official figures released by the government's Cabinet Office on Wednesday. The Tokyo stock market fell after the figures were announced, but rose again on a widespread perception that the economy will recover.",[0.8960159420967102],[0.7678014636039734],[0.8269685506820679],0.3605150214592275,0.2943722943722944,0.33476394849785407,0.33476394849785407,0.045105412757957895,0.0
"US crude prices have soared to fresh four-month highs above $53 in the US as refinery problems propelled petrol prices to an all-time high.Meanwhile, oil production cartel Opec's recent announcement that it was now unlikely to cut production levels has also failed to calm fears on the market.Elsewhere, a refinery in Houston was closed due to mechanical problems, while on Tuesday production at BP's Texas City refinery was taken down for a short time.The jump followed a fire at Western Refining Company's refinery in Texas, which shut down petrol production.In the approach to Spring, the market becomes much more sensitive to problems with petrol production as dealers anticipate rising demand for fuel ahead of the holiday season.Ed Silliere, analyst at Energy Merchant, added: ""Gasoline is up because of the refinery issues in Texas, which means there will be a scramble for product in the (US) Gulf Coast.""",US light sweet crude futures jumped to $53.09 a barrel in New York before closing at $53.03 as a fire at a Texas refinery shut down petrol production.,[0.8286478519439697],[0.7290167212486267],[0.7756459712982178],0.19251336898395724,0.05405405405405406,0.16042780748663105,0.16042780748663105,4.948952281563957e-80,0.0
"The economy has grown for six quarters but growth slowed dramatically in the last quarter amid weaker global demand.Japanese industrial output fell in October while unemployment rose, casting further doubt on the strength of the country's economic recovery.Analysts had been forecasting a 0.1% rise in month on month industrial output.According to figures from the Ministry of Economy, Trade and Industry (METI), the decline was led by a fall in demand for electronic parts for mobile phones and digital televisions.Although inventories fell 0.7% month on month, they were 36% higher than a year ago.Japanese government officials played down the latest data, arguing that domestic consumer demand was still resilient.","Japan's industrial output fell in October while unemployment rose, casting further doubt on the strength of the country's economic recovery, according to official figures released by the ministry of economy, trade and industry.",[0.9346714019775391],[0.7779287099838257],[0.8491272330284119],0.4105960264900662,0.348993288590604,0.3973509933774835,0.3973509933774835,0.0578959548714866,0.0
"""With this new order and new pricing in place, Ryanair expects that unit operating costs (excluding fuel) will continue to fall each year for the next five years,"" he added.At the end of this year, Ryanair will have taken delivery of about 100 new planes, while the 70 new orders are due for delivery between 2008 and 2012.Budget airline Ryanair has placed an order for 70 Boeing 737-800 planes, in a deal valued at $4bn (£2.1bn) which should lead to 2,500 new Ryanair jobs.Ryanair said the new planes would help it to cut operating costs further.Ryanair chairman David Bonderman said that the 737-800 had ""significantly reduced our unit operating costs and allowed us to reduce air fares each year for the last five years"".","Budget airline Ryanair has placed an order for 70 Boeing 737-800 planes, in a deal valued at $4bn (£2.1bn) which should lead to 2,500 new jobs.",[0.9543676376342773],[0.7892879247665405],[0.8640133738517761],0.36024844720496896,0.33962264150943394,0.36024844720496896,0.36024844720496896,0.021182442229235047,0.0
"The plan is likely to give creditors of Parmalat Finanziaria shares worth about 5.7% of the debts they are owed.Creditors of Parmalat, the main operating company, are likely to see the percentage of debt they receive fall from 7.3% to 6.9%.As part of the re-listing on the Italian stock exchange, creditors' debts are expected to be converted into shares through two new share issues amounting to more than 2bn euros.In a statement issued on Wednesday night, Parmalat Finanziaria detailed administrators' latest plans for re-listing the shares of the group.Parmalat, the Italian dairy company which went bust after an accounting scandal, hopes to be back on the Italian stock exchange in July.","Parmalat, the Italian dairy company which went bust after an accounting scandal, hopes to be back on the Italian stock exchange in July, the firm's administrators have said in a statement.",[0.9125380516052246],[0.7649054527282715],[0.8322251439094543],0.3684210526315789,0.32000000000000006,0.3026315789473684,0.3026315789473684,0.052341294923114276,0.0
"Less than four years after the new Mini was launched, German car maker BMW has announced £100m of new investment.Last year, almost one in six cars sold by the BMW group was a Mini.Initially, BMW said it would produce 100,000 Mini models a year at its vast Cowley factory on the outskirts of Oxford, but the target was quickly reached, then raised, time and time again.When it was launched, the cheapest Mini cost just more than £10,000.These days, buyers will have to fork out almost £11,500 to own a new Mini One, or even more for the Cooper S which costs up to £17,730.The Mini Convertible, which was launched last spring, costs up to £15,690 for the top model, and there is even a waiting list.Last year, MG Rover, which employs more than 6,000 people, produced just 110,000 cars, though it hopes to land a deal with Shanghai Automotive Industry Corporation (SAIC) that could help double the number of cars produced at Longbridge.The Mini factory's current output is equally impressive when compared with the main Rover factory in Longbridge, which in 1999 produced 180,000 Rover cars.BMW's Mini adventure has made good much of what went wrong during its stewardship of the UK car maker Rover which it sold for £10 five years ago to the Phoenix consortium.""Our decision to produce a new Mini was not received well right away,"" said Norbert Reithofer, a member of the BMW management board.In 1999, when BMW still owned Rover, the Oxford factory was producing the award-winning Rover 75.Before Wednesday's announcement, BMW had invested some £280m in Mini production.","Less than four years after the new Mini was launched, German car maker BMW has announced £100m of new investment. Some 200 new jobs are to be created at the Oxford factory, including modernised machinery and a new body shell production building.",[0.8692682981491089],[0.7165852189064026],[0.7855767607688904],0.1884498480243161,0.13455657492354742,0.1702127659574468,0.1702127659574468,0.002448469409276985,0.0
"As well as increasing its dividend, Nestle plans to buy back shares worth 1bn Swiss francs ($861m; £451m).Nestle said that the strength of the Swiss franc against the US dollar, the disposal of businesses and challenging trading conditions in Europe all dented sales.Uncertainty remains over the future of Perrier, the iconic French mineral water owned by Nestle.Nestle is to raise its dividend by 11% after paying back some of its debt.Revenue dipped 1.4% to 86.7bn Swiss francs ($74.6bn; £39.1bn) in 2004 as sales of ice cream and mineral water were dampened by the wet summer.Elsewhere, Nestle said it had enjoyed an ""exceptional"" year in North America, outperforming the market in terms of sales growth.","A combination of bad weather, rising raw material costs and the sluggish European economy has hit sales at Swiss food and drink giant Nestle, which is to raise its dividend by 11%.",[0.8370770215988159],[0.7416011095046997],[0.7864519357681274],0.1806451612903226,0.0784313725490196,0.1548387096774194,0.1548387096774194,0.013105264271226463,0.0
